{
    "recall": 0.375,
    "precision": 0.6666666666666666,
    "f1_score": 0.4800000000000001
}
